pdbid,smiles
"7L5O","CC(C)(CC(CN)C(O)N1CCC[C@@H](N2N[C@H](C3CCC(OC4CCCCC4)CC3F)C3C(N)NCNC32)C1)N1CCN(C2COC2)CC1"
"7M8M","CCCOC1CC(Cl)CC(C2C[C@@H](C3CNC(O)NC3O)CN(C3CCCNC3)C2O)C1"
"7CMV","CCCN1CCO[C@@H]2C3CC(O)CCC3OC[C@H]21"
"7EJ0","NC[C@H](O)C1CCC(O)C(O)C1"
"7SLV","OC([C@H]1CN[C@@H](NCC2CNCCN2)NC1)N1CCC2(CCOCC2)C1"
"5SFS","CC1NCC(C)N2N[C@@H](CCC3N[C@H](N4CC[C@H](C)C4)NN3C)N[C@@H]12"
"7RN1","C[C@H](N[C@H](O)[C@@H]([C@H]1CCCNC1)N(C1CCC(C2CCCCC2)CC1)[C@@H](O)CCl)C1CCCCC1"
"7XR6","N[C@@H](CC(O)NC1CCC(OC2CC(F)C(F)CC2Br)CC1)C(O)O"
"5SHT","CC1NC(C)N2NC(CCC3NC(N4CCCC4)NN3C)NC2C1Cl"
"7LOS","CC1CCC(NC2CNC2)CC1[C@H](O)N[C@H](C)[C@@H]1CCCC([C@@H]2CCC(CN[C@@H]3CCOC3)S2)C1"
"6TRX","N[C@@H](CC(O)N1CCN(C(C2CCC(F)CC2)C2CCC(F)CC2)CC1)C(O)N1CC2CCCCC2C1"
"5SEW","CN[C@H](O)C1C(N[C@@H](O)[C@@H]2NC(C3CC3)CCC2NC2CNCNC2)CNN1CCOC"
"5SF8","CN1NCC([C@H](O)N2CCC2)[C@@H]1C(O)NCCC1NC(C2CCCCC2)NN1C1CCCCN1"
"7TEK","OC(CC1CCCNC1)N(CC1CCCC(Cl)C1)C1CCC(C2CNNC2)CC1"
"7CA8","CC(C)CC[C@@H](O)C1CC(O)C2C(O)CCC(O)C2C1O"
"5SEM","CC1[C@H](C(F)(F)F)N[C@H]2CCC(CCC3NC(C4CCCCC4)CN3C)NN12"
"6X0T","C[C@H]1NC(N2CCN(C(O)[C@@H](CC3CCCCC3)NC3CCCCC3)[C@H](C(O)NCC3CCCS3)C2)O[C@H]1C1CCCCC1"
"7SHV","OCCN1CC(C2CCC3C(CCC3NO)C2)C(C2CCNCC2)N1"
"5SET","CN1N[C@H]([C@@H]2CCCCN2)CC1NC(O)C1NC(C2CC2)CCC1NC1CNCNC1"
"5SF4","CN(C)CCN1N[C@H]([C@@H]2CCCCN2)C[C@@H]1N[C@@H](O)C1NC(C2CC2)CCC1NC1CNCNC1"
"7LMF","OC(CN1NNC2CCCCC21)N(CC1CCSC1)C1CCC(C2CNCN2)CC1"
"5SE9","C[C@@H]1N[C@H]2CCC(OCC3N[C@@H](C4CCCCC4)CN3C)NN2[C@H]1C"
"5SH3","CC1N[C@H]2C(S(C)(O)O)C[C@H](CC[C@@H]3NC(N4CCCC4)NN3C)NN2[C@@H]1C"
"7CMU","CCCN[C@H]1CCC2NC(N)SC2C1"
"5SFW","CCC1NCC(C)C2NC(CCC3NC(N4CCCC4)NN3C)NN12"
"6M2B","CN(NCC1CCCCC1C(O)O)[C@@H]1N[C@H]([C@H]2CCCC[C@@H]2Cl)CS1"
"7SLY","C[C@H](NC1NCC([C@H](O)N2CCC3(CCOCC3)C2)CN1)C1CNCCN1"
"5SJL","CC(C)(O)CNC(O)[C@@H]1CCNC[C@H]1NC(O)[C@@H]1NC(C2CC2)CCC1NC1CNCNC1"
"5SFH","CC1NCC(C)N2NC(CCC3NC(N(C)C4CC4)NN3C)NC12"
"7EJK","CC1CC(C(C)(C)C)C(O)C(C)C1CC1NCCN1"
"5SDZ","CN1C[C@@H](N[C@@H](O)[C@@H]2NC(C3CC3)CCC2NC2CNCNC2)[C@H](C(O)N(C)C[C@H](O)CO)N1"
"7QQ6","CN1CCN(C2CCC3NC(C4C(O)NC5CCCC(F)C5C4N)NC3C2)CC1"
"7CX2","CCCCC[C@H](O)CC[C@H]1[C@H](O)CC(O)[C@@H]1CCCCCCC(O)O"
"7X2C","OC1CCC([C@H]2CNCCC3C(Cl)C(O)C(O)CC32)CC1"
"7SLX","NC[C@@H]1CCCN(C(O)C2CNC(NC3(C4CNCNC4)CC3)NC2)C1"
"5SEB","CC1NC2CCCCC2NC1CCC1NC(N2CCCC2)NN1C"
"5SGX","CC1CNC(C)N2N[C@@H](CCC3NC(N4CCC[C@@H]4C(F)(F)F)NN3C)NC12"
"8DD2","CC1CCC(C2NC3CCC(C)CN3C2CC(O)N(C)C)CC1"
"7T6B","CCCCCCCCCCCCCCC[C@@H](O)[C@@H](N)CO[PH](O)(O)O"
"7T6S","CC(C)C1C(NC(O)NC2CCC(Cl)CC2)C(O)N(C2CCCCC2)N1C"
"5SEJ","CN1NC(N2CCCC2)NC1CCC1NC2CCC(Cl)CN2N1"
"8DOF","CC(C)C1CC(NC2NC(N[C@@H](CO)C3CCCCC3)NC3NNCC32)NN1"
"5SGN","CC1NC2C[C@@H](C(F)(F)F)[C@H](CCC3N[C@@H](N4CCCC4)NN3C)NN2[C@@H]1C"
"7Y5T","OS(O)(N[C@H]1CC[C@@](C2CC(F)CCC2F)(S(O)(O)C2CCC(Cl)CC2)CC1)C(F)(F)F"
"5SFU","OC(NC1CNCC[C@H]1[C@H](O)N1CCCC1)C1N[C@@H](C2CC2)CCC1NC1CNCNC1"
"7JVR","CC(C)C[C@H]1C(O)N2CCC[C@H]2[C@]2(O)O[C@](NC(O)[C@@H]3C[C@H]4C5CCCC6NC(Br)C(C[C@H]4N(C)C3)C65)(C(C)C)[C@@H](O)N12"
"5SHD","CNC(O)[C@@H]1CCNCC1NC(O)[C@@H]1NC(C2CC2)CCC1NC1CNCNC1"
"7S3S","OC(CC1CCCC(Cl)C1)NC1CNCC2CCCCC21"
"7KQJ","CC(C)(O)C(O)N[C@@H]1CC[C@@]2(S(O)(O)C3CCC(F)CC3)C3CCC(C(F)(C(F)(F)F)C(F)(F)F)CC3CC[C@@H]12"
"7LTN","CO[C@@H]1C[C@@H]([C@@H]2CCCC3NNCC32)CC(CO)[C@@H]1OCC(O)N(C)C"
"7NA3","COC[C@@H](C)C1NC2CC([C@@H]3NOC(O)N3)NC(C3CNCC(Cl)C3)C2N1[C@H](C)[C@H]1CC[C@H](C)CC1"
"6LR4","CC(C)[C@H](O)C(O)N[C@@H](C)C(O)N[C@H]1C2CCCCC2CCN(C)C1O"
"5SEF","CC1C2N[C@H](CC[C@@H]3N[C@@H](N4CCCC4)NN3C)NN2C(C)N[C@@H]1C"
"7F58","OC(N[C@H](CC1CCC(Cl)CC1)C(O)N1CCC(CN2CNCN2)(C2CCCCC2)CC1)[C@H]1CC2CCCCC2CN1"
"6VNE","CC1CNC(NC2CCC(OCCN3CCCC3)CC2)NC1NC1CCCC(S(O)(O)NC(C)(C)C)C1"
"7DMC","OCCN(CCO)[C@H]1NC(N2CCCCC2)C2N[C@H](N(CCO)CCO)N[C@H](N3CCCCC3)[C@H]2N1"
"7PRX","C[C@H](NC(O)C(C)(F)F)[C@H](OC1CCC2C(CNN2[C@@H]2CCC[C@H]([C@@H](O)N[C@@H]3CCOC3)C2)C1)C1CCC2OCCOC2C1"
"5SGT","COC1CCC(N2C(CCN3C(O)C4CCCCC4C3O)NC3CCCC[C@@H]3[C@@H]2O)CC1"
"7N4S","OC1[C@H](NC2CCCCC2)CCCN1[C@@H]1CCCN(C2NCNC3NCCC32)C1"
"5SFT","CC1NCC(C)N2N[C@@H](CCC3NC(N4CCCC4)N(C)N3)NC12"
"6WTN","NCC[C@H](C1CCCC1)N1C[C@@H]([C@@H]2NCNC3NCCC32)CN1"
"7LBS","CC1CC[C@H](NC2CNC2)CC1[C@H](O)N[C@H](C)[C@@H]1CCC[C@@H](C2CCC(CN3CCCC3)S2)C1"
"7EJ8","BrC1C(NC2NCCN2)CCC2NCCNC21"
"7MU5","CC(C)[C@]12O[C@H]1[C@@H]1O[C@]13C1(O[C@H]1C[C@H]1[C@@H]4COC(O)C4CC[C@@]13C)[C@@H]2O"
"7LTZ","CN1CC(NC2NCCC([C@@H]3CC[C@H]4[C@H](C3)CN(C3COC3)CC[C@H]4NC(O)C3CN(C(C)(C)C)NN3)N2)CN1"
"5SJG","CC1CN[C@@H](C)N2NC(CC[C@H]3NC(N4CCCC4O)CN3C)NC12"
"5SF1","CC1C(C(F)F)NC2CCC(CC[C@H]3N[C@@H](C4CCCCC4)CN3C)NN21"
"5SKK","CNC(O)[C@H]1C(N[C@@H](O)C2NC([C@H]3CCOC3)CNC2NC2CNCNC2)CNN1C"
"5SKV","CN1CC(NC(O)[C@@H]2NC(C3CC3)CCC2NC2CNCNC2)C(C(O)NCC(C)(C)O)N1"
"5SFF","CC1NC2CCC(CC[C@H]3N[C@@H](C4CCCCC4)CN3C)NN2C1CO"
"7L14","NCC1CCCCC1[C@@H]1CC(C2CC(Cl)CC(OCC3CC3)C2)C(O)N(C2CCCNC2)C1"
"7S3K","COC1CCC(Cl)CC1CC(O)NC1CNCC2CCCCC21"
"7RJE","CC1CCCC2C(C3CC(C(F)(F)F)CCC3F)NN(CC3NNN(C)N3)C12"
"7N44","CC1SCNC1COC1CC(Cl)CC(C2CC(C3CNC(O)NC3O)CN(C3CCCNC3)C2O)C1"
"7M91","OC1NC[C@H]([C@@H]2CC(C3CC(Cl)CC(OCCC(F)(F)F)C3)C(O)N(C3CCCNC3)C2)C(O)N1"
"5SF6","CC(C)NC1NC(CCC2N[C@@H](N3CCCC3)NN2C)NN2C1N[C@H](C)[C@H]2C"
"5SG1","CN1NC(N2CCCC2)NC1CCC1NC2CCC3CCCCC3N2N1"
"5SG6","C[C@@H]1NC[C@@H](C)N2NC(CCC3N[C@@H](N4CCCC4)NN3C)N[C@@H]12"
"7NA4","CCO[C@H](C1CC1)C1NC2C[C@@H]([C@@H]3NOC(O)N3)NC(C3CNC[C@H](Cl)C3)C2N1[C@H](C)[C@H]1CC[C@H](C)CC1"
"5SFL","CN1NCC(NC(O)C2NC(C3CC3)CNC2NC2CNCNC2)[C@@H]1C(O)NCC(C)(C)O"
"7EW2","CCCCCCCCC1CCC(CC[C@](N)(CO)CO[PH](O)(O)O)CC1"
"7VVP","COC1CCCC2NC(C(O)N[C@@H](CC(C)C)C(O)N[C@@H](C[C@@H]3CCNC3O)[C@H](O)CO[PH](O)(O)O)CC21"
"8DD3","CCC1C(C(O)OC)NCC2NC3CC(OC)C(OC)CC3C21"
"7EW3","CCCCCCCCCCCCCCC[C@@H](O)[C@@H](N)CO[PH](O)(O)O"
"7X2D","CC1CC(OC2NCCCC2C(F)(F)F)CCC1C1C(C)C(O)NC(O)N1C"
"7YGQ","COC1CCCC2NC(C(O)N[C@@H](CC(C)C)C(O)N[C@@H](C[C@@H]3CCN[C@@H]3O)[C@H](O)[C@@H]3NC4CCCCC4S3)CC21"
"5SIJ","C[C@@H]1NC[C@@H](C)N2NC(CCC3NC(C4CCCCC4)CN3C)NC12"
"5SFI","C[C@@H]1CN[C@H](C)C2N[C@@H](CCC3NC(N4CCC[C@@H]4C)NN3C)NN21"
"5SFD","C[C@@H]1NC[C@@H](C)N2NC(CCC3NC(N4CCCCC4)NN3C)NC12"
"7LLF","CC1CCC(NC2CNC2)CC1[C@H](O)N[C@H](C)C1CCCC(C2CCC(CN[C@@H]3CC[C@H](O)C3)S2)C1"
"5SFN","CN1C(CCN[C@H](O)[C@H]2C(C(O)N3CCC3)CNN2C)NC2CCCCC21"
"7LBR","CC1CCC(NC2CNC2)C[C@@H]1C(O)N[C@H](C)C1CCCC(C2CCC(CN[C@H]3CC[C@@H](O)C3)S2)C1"
"7L11","CCCOC1CC(Cl)CC(C2C[C@@H](C3CCCCC3CN)CN(C3CCCNC3)C2O)C1"
"5SE0","OCCN1N[C@H]([C@@H]2CCCCN2)C[C@@H]1NC(O)C1NC(C2CC2)CCC1NC1CNCNC1"
"5SJS","CN(C)[C@@H](O)[C@@H]1CCNCC1NC(O)[C@@H]1NC(C2CC2)CC[C@H]1NC1CNCNC1"
"7CKY","CC1CC(OC2NCCCC2OC(F)F)CCC1C1C(C)C(O)NC(O)N1C"
"7OFK","CC(O)N1CC2C[C@@H](S(C)(O)O)CCC2[C@@H]1[C@@H](O)NC1CCC(C(O)(C(F)(F)F)C(F)(F)F)CC1"
"7LLZ","CC(O)NCC1CC[C@@H]([C@H]2CCCC([C@@H](C)N[C@@H](O)C3CC(NC4CNC4)CCC3C)C2)S1"
"7NA2","C[C@H]1CC[C@H](CN2C3[C@H]([C@H]4CNC[C@H](Cl)C4)NC([C@@H]4NOC(O)N4)C[C@H]3N[C@H]2N2CCO[C@@H]3CCC[C@H]32)CC1"
"7DFL","NCCC1CNCN1"
"5SH9","C[C@@H]1NC[C@@H](C)N2N[C@@H](CCC3NC(N4CC[C@@H](F)C4)NN3C)N[C@@H]12"
"7M8P","OC1NCC(C2CC(C3CC(Cl)C(F)C(OCC4CCCCC4Cl)C3)C(O)N(C3CCCNC3)C2)C(O)N1"
"7VSI","OC[C@H]1O[C@@H]([C@H]2CC[C@@H](Cl)[C@H](C[C@H]3CC[C@H](O[C@H]4CCOC4)CC3)C2)[C@H](O)[C@@H](O)[C@@H]1O"
"5SIB","CC1C(C(F)(F)F)NC2CC[C@@H](CCC3NC(N4CCCC4)NN3C)NN21"
"5SHA","CC1NCC(C)N2NC(CCC3NC(N4CC[C@H](C(F)F)C4)NN3C)NC12"
"5SEQ","CC1N[C@@H](C)[C@@H](C)N2NC(CCC3NC(N4CCCC4)NN3C)NC12"
"6ZY5","COC1CC([C@@H]2C3CC4OCOC4CC3[C@@H](O[C@@H]3O[C@@H]4CO[C@@H](C)O[C@H]4[C@H](O)[C@H]3O)[C@H]3COC(O)[C@H]23)CC(OC)C1O"
"7XTB","NCCC1CNC2CCC(O)CC12"
"5SFB","CNC(O)C1CC(CC[C@@H]2N[C@@H](N3CCCC3)NN2C)NN2C1N[C@H](C)[C@H]2C"
"5SG9","CC1CC(N2CCCC2)NC(CCC2CCC3CCCCC3N2)N1"
"5SE5","CNC(O)C1C(NC(O)C2NC(C3CC3)CNC2NC2CNCNC2)CNN1C"
"5SE1","CN1CC(N[C@@H](O)[C@@H]2NC(C3CC3)CCC2NC2CNCNC2)[C@H](C(O)N(C)C)N1"
